country_label,institution_name,official_website,tool_name,tool_category,use_case,evidence_strength,source_type,source_title,source_date,source_link,exact_snippet_or_quote,why_it_supports_the_claim,notes
Brazil,Operador Nacional do Sistema Elétrico (ONS),https://www.ons.org.br/,NEWAVE,production_cost_uc,Medium-term operation planning/programming for the SIN used by ONS in PMO processes (and referenced for PLD formation with CCEE).,HIGH,news_release,Informe sobre a utilização da nova versão do Modelo Newave,21/7/2022,https://www.ons.org.br/Paginas/Noticias/20220721-Informe-sobre-a-utiliza%C3%A7%C3%A3o-da-nova-vers%C3%A3o-do-Modelo-Newave.aspx,"""passarão a utilizar a versão 28.0.3 do modelo Newave para fins de planejamento e programação da operação""",The ONS states it uses the Newave model for planning and programming system operation.,additional sources exist
Brazil,Operador Nacional do Sistema Elétrico (ONS),https://www.ons.org.br/,DECOMP,production_cost_uc,"Short-term operation programming by ONS, also used in price formation (PLD) process with CCEE.",HIGH,news_release,ONS: Informe sobre validação do DECOMP,5/4/2023,https://www.ons.org.br/Paginas/Noticias/20230405-ONS-Informe-sobre-valida%C3%A7%C3%A3o-do-DECOMP.aspx,"""passou a adotar a versão 31.0.2 do modelo DECOMP... programação da operação, pelo ONS, e formação de preço, pela CCEE""",The ONS explicitly states it adopts/uses the DECOMP model in its operation-programming process (and for price formation with CCEE).,additional sources exist
Brazil,Operador Nacional do Sistema Elétrico (ONS),https://www.ons.org.br/,DESSEM,production_cost_uc,"Very short-term (daily) operation scheduling by ONS, also used for PLD formation with CCEE.",HIGH,news_release,ONS: Informe sobre validação do DESSEM,14/4/2023,https://www.ons.org.br/Paginas/Noticias/20230414-Informe-sobre-valida%C3%A7%C3%A3o-do-DESSEM.aspx,"""modelo DESSEM... nos processos da Programação Diária da Operação, pelo ONS""",The ONS explicitly states it adopts/uses DESSEM in its Daily Operation Scheduling process.,additional sources exist
Brazil,Operador Nacional do Sistema Elétrico (ONS),https://www.ons.org.br/,SMAP/ONS,forecasting,Rainfall-runoff (chuva-vazão) forecasting tool/application made available by ONS to associated agents with documentation.,HIGH,news_release,Modelo de Previsão Chuva-Vazão- SMAP/ONS,2/8/2018,https://www.ons.org.br/Paginas/Noticias/20180802-SMAP.aspx,"""Está disponível... o aplicativo SMAP/ONS, bem como sua documentação.""",The ONS explicitly publishes that the SMAP/ONS application and its documentation are made available for use by associated agents.,additional sources exist
Brazil,Operador Nacional do Sistema Elétrico (ONS),https://www.ons.org.br/,Previvaz,forecasting,Hydrological forecasting / scenario-generation “satellite model” referenced by ONS as part of the PLD modelling course set used operationally by ONS/CCEE.,HIGH,news_release,ONS e CCEE disponibilizam novos cursos sobre modelos computacionais de cálculo do PLD,2/9/2022,https://www.ons.org.br/Paginas/Noticias/20220902-ONS-e-CCEE-disponibilizam-novos-cursos-sobre-modelos-computacionais-de-c%C3%A1lculo-do-PLD.aspx,"""modelos satélites...: SMAP/ONS, Previvaz e Gevazp.""",The ONS lists Previvaz among the satellite models used (and trained) for operational planning/programming and PLD-related modelling.,evidence is course/news context (not a methodology PDF); additional sources may exist behind CT/PMO-PLD or related documentation
Brazil,Operador Nacional do Sistema Elétrico (ONS),https://www.ons.org.br/,Gevazp,forecasting,Hydrological forecasting / scenario-generation “satellite model” referenced by ONS as part of the PLD modelling course set used operationally by ONS/CCEE.,HIGH,news_release,ONS e CCEE disponibilizam novos cursos sobre modelos computacionais de cálculo do PLD,2/9/2022,https://www.ons.org.br/Paginas/Noticias/20220902-ONS-e-CCEE-disponibilizam-novos-cursos-sobre-modelos-computacionais-de-c%C3%A1lculo-do-PLD.aspx,"""modelos satélites...: SMAP/ONS, Previvaz e Gevazp.""",The ONS lists Gevazp among the satellite models used (and trained) for operational planning/programming and PLD-related modelling.,evidence is course/news context (not a methodology PDF); additional sources may exist behind CT/PMO-PLD or related documentation
Australia,Australian Energy Market Operator (AEMO),https://www.aemo.com.au/,PLEXOS,production_cost_uc,Time-sequential market dispatch / reliability modelling for NEM ESOO datasets and outputs published by AEMO.,HIGH,official_report,2025 ESOO Input Data Package and Model Instructions,21/8/2025,https://www.aemo.com.au/-/media/files/electricity/nem/planning_and_forecasting/nem_esoo/2025/model-instructions-2025-esoo.pdf?rev=246883570b834f3591042f1836915321&sc_lang=en,"""The 2025 ESOO was run with Plexos 10.000.005.20660""","AEMO states the ESOO model was run in PLEXOS, evidencing direct use for its official ESOO modelling.",additional sources exist
Australia,Australian Energy Market Operator (AEMO),https://www.aemo.com.au/,PSS/E,other,Power system connection studies / dynamic model requirements and assessments for NEM participants.,HIGH,official_methodology,Modelling requirements (Network connections),,https://www.aemo.com.au/energy-systems/electricity/national-electricity-market-nem/participate-in-the-market/network-connections/modelling-requirements,"""AEMO is transitioning from PSS®E version 34 to version 36 for all NEM connection studies.""","AEMO explicitly states it uses PSS®E for NEM connection studies, demonstrating operational tool usage.",additional sources exist
Australia,Australian Energy Market Operator (AEMO),https://www.aemo.com.au/,DigSILENT PowerFactory,other,"Power system modelling and analysis for the SWIS (WEM), using PowerFactory-format model data and studies.",HIGH,official_methodology,WEM Procedure: Network Modelling Data (marked-up),,https://www.aemo.com.au/-/media/files/stakeholder_consultation/consultations/wa_wem_consultation_documents/2025/aepc_2025_08_09_10/aepc202509-network-modelling-data-marked-up.pdf?rev=48bf5e4e329d4fd987937162615c43d5&sc_lang=en,"""AEMO uses DigSILENT PowerFactory for this purpose.""",The procedure explicitly states AEMO uses DigSILENT PowerFactory as its power system modelling and analysis tool for SWIS.,additional sources exist
Australia,Australian Energy Regulator (AER),https://www.aer.gov.au/,PLEXOS,market_simulation,Electricity market modelling to estimate Customer Export Curtailment Values (CECVs).,HIGH,official_methodology,Draft customer export curtailment value methodology,1/4/2022,https://www.aer.gov.au/system/files/AER%20-%20Draft%20customer%20export%20curtailment%20value%20methodology%20-%20April%202022.pdf,"""Electricity market modelling is undertaken using PLEXOS to estimate CECVs.""",The AER explicitly states it undertakes electricity market modelling using PLEXOS for CECV estimation.,additional sources may exist in final methodology versions
Australia,"Department of Climate Change, Energy, the Environment and Water (DCCEEW)",https://www.dcceew.gov.au/,PLEXOS,market_simulation,"Electricity-sector emissions projections for Australia’s grids (NEM/WEM/DKIS), including investment and dispatch modelling framework.",HIGH,official_methodology,Methodology for Australia’s emissions projections 2025,,https://www.dcceew.gov.au/sites/default/files/documents/methodology-australias-emissions-projections-2025.pdf,"""DCCEEW used PLEXOS to project emissions from Australia’s NEM, WEM and DKIS electricity grids""",The department’s official methodology states it used PLEXOS for electricity-sector emissions projections.,"additional sources exist (e.g., 2023/2024 methodologies)"
China,"中国南方电网有限责任公司 (China Southern Power Grid, CSG)",https://www.csg.cn/,PSD,other,Procurement of “PSD simulation system supporting software” by Guizhou Power Grid (CSG subsidiary) via CSG’s official supply-chain bidding platform.,MEDIUM,tender_procurement,贵州电网有限责任公司2022年第一批招标领导小组办公室管控目录物资类（变电站计量电压切换及监测屏等）批次招标招标公告,28/7/2022,https://www.bidding.csg.cn/zbgg/1200314670.jhtml,PSD仿真系统配套软件,The CSG official procurement platform lists PSD simulation software as a procured item for a CSG group grid company.,Local/official-language + English searches performed; open-source tools were also checked but no retrievable CSG evidence found for them; additional sources may exist behind logins.
China,"中国南方电网有限责任公司 (China Southern Power Grid, CSG)",https://www.csg.cn/,ADPSS,other,Procurement of “ADPSS simulation system supporting software” by Guizhou Power Grid (CSG subsidiary) via CSG’s official supply-chain bidding platform.,MEDIUM,tender_procurement,贵州电网有限责任公司2022年第一批招标领导小组办公室管控目录物资类（变电站计量电压切换及监测屏等）批次招标招标公告,28/7/2022,https://www.bidding.csg.cn/zbgg/1200314670.jhtml,ADPSS仿真系统配套软件,The CSG official procurement platform lists ADPSS simulation software as a procured item for a CSG group grid company.,Local/official-language + English searches performed; open-source tools were also checked but no retrievable CSG evidence found for them; additional sources may exist behind logins.
Egypt,جهاز تنظيم مرفق الكهرباء وحماية المستهلك (EgyptERA),https://www.egyptera.org/en/,PSS/E,other,Requires large solar plant developers to submit a dynamic plant model in PSS/E (grid-connection compliance and review).,HIGH,official_methodology,Solar Energy Plants Grid Connection Code (March 2017),1/3/2017,https://egyptera.org/en/Download/Code/Egypt_gridcode_for_solar_plant_connectionOnMVandHV.pdf,“submit a Solar Plant Dynamic Model in PSS/E”,EgyptERA’s official grid-connection code explicitly mandates use of PSS/E-format dynamic models for compliance submissions.,Additional relevant EgyptERA codes may exist; local/official-language + English searches performed; open-source tools checked but no EgyptERA-hosted explicit references found.
Egypt,"الشركة المصرية لنقل الكهرباء (Egyptian Electricity Transmission Company, EETC)",http://www.eetc.net.eg,PSS/E,other,"As Grid Operator, receives and reviews grid-connection submissions that include a solar plant dynamic model in PSS/E.",MEDIUM,official_methodology,Solar Energy Plants Grid Connection Code (March 2017),1/3/2017,https://egyptera.org/en/Download/Code/Egypt_gridcode_for_solar_plant_connectionOnMVandHV.pdf,“Grid Operator… functions will be carried out by the Egyptian Electricity Transmission Company (EETC)”,"The code identifies EETC as Grid Operator and specifies that compliance submissions include a PSS/E dynamic model, establishing PSS/E as an explicitly referenced tool in EETC’s interconnection process.","EETC official site was not retrievable from this environment (timeouts), so evidence is based on EgyptERA’s official code; local/official-language + English searches performed; open-source tools checked with no qualifying EETC-hosted evidence found."
Germany,50Hertz Transmission GmbH — 50Hertz Transmission,https://www.50hertz.com/,DIgSILENT PowerFactory,other,Requires offshore wind farm operators to build and submit RMS simulation models in PowerFactory for compliance/studies.,HIGH,official_methodology,Offshore Grid Connection Requirements — Annex: Simulation model and studies,,https://www.50hertz.com/xspProxy/api/staticfiles/50hertz-client/dokumente/vertragspartner/netzanschluss/offshoregridconnectionrequirements_annexsimulationmodelsandstudies_clean.pdf,The OWF operator shall use DIgSILENT PowerFactory to develop a detailed RMS model.,This official annex explicitly mandates use of DIgSILENT PowerFactory for RMS models submitted to 50Hertz.,additional sources may exist (other annexes / requirements documents)
Germany,Amprion GmbH — Amprion,https://www.amprion.net/,DIgSILENT PowerFactory,other,Requires offshore wind farm operators to deliver RMS simulation models in a DIgSILENT PowerFactory version defined by the TSO.,HIGH,official_methodology,Offshore Grid Connection Requirements — Annex: Simulation Models and Studies,,https://www.amprion.net/Dokumente/Strommarkt/Netzkunden/Netzanschlussregeln/Offshore/Annex-Simulation-Models-and-Studies.pdf,The OWF operator shall use DIgSILENT PowerFactory to develop a detailed RMS model.,This Amprion offshore grid connection annex explicitly requires PowerFactory for RMS model development and submission.,additional sources may exist (other offshore grid connection annexes)
Germany,TransnetBW GmbH — TransnetBW,https://www.transnetbw.de/,INTEGRAL 7,other,Uses INTEGRAL 7 for transmission-network modelling and N-1 loading assessment (power flow + contingency simulation) in a TransnetBW study.,HIGH,official_report,Abschlussbericht HydrogREenBoost (H2REB) — Studie zur Netzdienlichkeit des hybriden Netzboosters,,https://www.transnetbw.de/_Resources/Persistent/6/e/b/a/6ebaf88cc11e6aeebeb1409160fe20bd197add69/H2REB_Abschlussbericht-barrierefrei.pdf,Für die Netzmodellierung und Berechnung der Netzbelastung wurde die Software INTEGRAL 7 verwendet.,The TransnetBW report explicitly states INTEGRAL 7 was used for network modelling and grid loading calculations.,additional sources may exist (other TransnetBW studies / technical documents)
India,Central Electricity Authority (CEA),https://cea.nic.in/,ORDENA,planning_expansion,"Generation expansion planning and production-cost dispatch analysis for optimal generation capacity mix studies (e.g., 2029–30).",HIGH,official_report,Report on Optimal Generation Capacity Mix for 2029-30,,https://cdnbbsr.s3waas.gov.in/s3716e1b8c6cd17b771da77391355749f3/uploads/2023/01/2023010910.pdf,“...carried out using... Generation Expansion planning model namely ORDENA.”,The CEA report explicitly names ORDENA as the model used for its generation expansion planning study.,additional sources may exist (CEA planning reports citing ORDENA elsewhere)
India,CENTRAL ELECTRICITY REGULATORY COMMISSION,https://cercind.gov.in/,Security Constrained Economic Dispatch (SCED),production_cost_uc,Centralized cost-based dispatch optimization (pilot/formalized) implemented under CERC directions to reduce system cost via optimized generator schedules.,HIGH,official_report,Order in Petition No. 1/SM/2024,,https://cercind.gov.in/2024/orders/1-SM-2024.pdf,“SCED... implemented... as per the Commission’s directions to Grid Controller of India Limited (Grid-India)…”,The CERC order explicitly states SCED implementation under directions to Grid-India and describes its dispatch-optimization objective.,additional sources exist (other CERC orders on SCED)
India,"Ministry of Power, Government of India",https://powermin.gov.in/,PSS/E,other,Load-flow study for transmission & distribution investment planning scenarios in “24x7 Power for All” planning documents (example: West Bengal).,MEDIUM,official_report,24X7 Power For All in West Bengal,,https://powermin.gov.in/sites/default/files/uploads/joint_initiative_of_govt_of_india_and_West_Bengol.pdf,“A comprehensive load flow study was conducted using... (PSS/E)…”,The Ministry-hosted “24x7 Power for All” document explicitly states that PSS/E was used for the load-flow study described.,additional sources may exist (other state 24x7 PFA documents)
India,Central Transmission Utility of India,https://ctuil.in/,PSS/E,other,Network/system-study model exchange for grid-connection/transmission planning coordination (PSS/E model submission referenced in CTU/CTUIL coordination minutes).,HIGH,official_report,Minutes of 36th JCC Meeting of Northern Region (CTUIL),29/12/2025,https://ctuil.in/uploads/ists_joint_coordination_meetings/minutes/177087568503MoM_36th_JCC_NR%20%281%29.pdf,“PSS/E (submitted in Dec’24) & PSCAD models to be submitted…”,The CTUIL minutes explicitly reference PSS/E models in the context of coordination and required model submissions for studies.,additional sources may exist (other CTUIL minutes / planning coordination documents)
India,Central Transmission Utility of India,https://ctuil.in/,PSCAD,other,EMT/transient model exchange for grid-connection/transmission planning coordination (PSCAD model submission referenced in CTU/CTUIL coordination minutes).,HIGH,official_report,Minutes of 36th JCC Meeting of Northern Region (CTUIL),29/12/2025,https://ctuil.in/uploads/ists_joint_coordination_meetings/minutes/177087568503MoM_36th_JCC_NR%20%281%29.pdf,“PSS/E (submitted in Dec’24) & PSCAD models to be submitted…”,The same official CTUIL minutes explicitly reference PSCAD models being required/submitted for study coordination.,additional sources may exist (other CTUIL minutes / model submission requirements)
Indonesia,Kementerian Energi dan Sumber Daya Mineral — Ministry of Energy and Mineral Resources (ESDM),https://www.esdm.go.id/,LEAP,planning_expansion,Energy planning model referenced by ESDM for regional/long-term energy supply-demand analysis and projections.,HIGH,news_release,"LEAP, Perangkat Lunak Untuk Perencanaan Energi Daerah",30/8/2008,https://www.esdm.go.id/id/media-center/arsip-berita/leap-perangkat-lunak-untuk-perencanaan-energi-daerah,“LEAP (Long-Range Energy Alternatives Planning System)… model… untuk analisa supply-demand energi.”,ESDM’s official news archive explicitly describes LEAP as the software/model used for energy planning analysis.,Local/official-language + English searches performed; open-source candidates checked (only included when evidenced).
Indonesia,Kementerian Energi dan Sumber Daya Mineral — Ministry of Energy and Mineral Resources (ESDM),https://www.esdm.go.id/,Balmorel,planning_expansion,"Power-sector modelling used in ESDM’s energy outlook workflow, linked with LEAP inputs for electricity/fuel supply projections.",HIGH,official_report,Outlook Energi Indonesia 2019,,https://www.esdm.go.id/assets/media/content/content-outlook-energi-indonesia-2019-bahasa-indonesia.pdf,“LEAP akan menjadi input… pada model Balmorel.”,"The official ESDM outlook report explicitly states LEAP outputs feed into the Balmorel model, evidencing Balmorel use in the modelling framework.",additional sources may exist (other OEI editions); local/official-language + English searches performed; open-source candidates checked.
Indonesia,PT PLN (Persero) — PT PLN (Persero),https://web.pln.co.id/,PLEXOS,planning_expansion,Planning tool (capacity/planning studies) referenced for PLN HQ and regional planning teams to represent solar variability and battery storage in planning.,HIGH,official_report,STAKEHOLDER ENGAGEMENT FRAMEWORK (Published),1/11/2020,https://web.pln.co.id/statics/uploads/2020/11/%28Published%29SLE_SEF_Nov.pdf,“learn how to use… a state-of-the-art planning tool… i.e. PLEXOS.”,An official PLN-hosted document explicitly references PLEXOS as the planning tool PLN teams will learn/use for planning analyses involving solar variability and storage.,Local/official-language + English searches performed; open-source candidates checked but no PLN-hosted explicit open-source tool evidence found.
Italy,Terna S.p.A.,https://www.terna.it/,PLEXOS,production_cost_uc,Market/dispatch modelling to simulate hourly system behaviour and support scenario analysis / planning studies,HIGH,official_report,Terna — Documento di descrizione degli scenari,31/1/2018,https://download.terna.it/terna/0000/1016/83.pdf,“tools di modellizzazione del mercato elettrico (quali … Plexos …)”,Terna explicitly states Plexos is among the electricity-market modelling tools used in its scenario process.,additional sources exist
Italy,Terna S.p.A.,https://www.terna.it/,BID3,market_simulation,Electricity market modelling for scenario / adequacy / planning studies,HIGH,official_report,Terna — Piano di Sviluppo 2019,21/1/2019,https://download.terna.it/terna/0000/1188/36.pdf,"“BID3, PLEXOS, POWERSYM e Grare (di proprietà Terna)”",Terna explicitly lists BID3 among the tools used in its analyses.,additional sources exist
Italy,Terna S.p.A.,https://www.terna.it/,Antares,planning_expansion,Expansion/system-needs assessment using modelling to optimize system costs in interconnection/capacity studies,HIGH,official_report,Terna — Rapporto di identificazione delle capacità obiettivo 2025,5/3/2025,https://download.terna.it/terna/Terna_Rapporto_Identificazione_Capacita_Obiettivo_2025_8dd5a76773e5cf4.pdf,“un modello di espansione sviluppato nel tool Antares e Plexos”,Terna explicitly states it used Antares (with Plexos) for an expansion model in the study.,additional sources exist
Italy,Terna S.p.A.,https://www.terna.it/,POWERSYM,market_simulation,Electricity market/system modelling used in scenario definition / planning context,HIGH,official_report,Terna — Documento di descrizione degli scenari,31/1/2018,https://download.terna.it/terna/0000/1016/83.pdf,“tools … (quali … Powersym …)”,Terna explicitly lists Powersym among the electricity-market modelling tools used in the scenario process.,additional sources exist
Italy,Terna S.p.A.,https://www.terna.it/,Grare,other,Proprietary tool used by Terna in market/system modelling analyses referenced in planning documents,HIGH,official_report,Terna — Piano di Sviluppo 2019,21/1/2019,https://download.terna.it/terna/0000/1188/36.pdf,"“BID3, PLEXOS, POWERSYM e Grare (di proprietà Terna)”",Terna explicitly identifies Grare as a Terna-owned tool used in its analyses.,additional sources exist
Italy,Areti S.p.A.,https://www.areti.it/,DANTE,distribution_planning,"Platform supporting analysis, simulation, and planning of distribution-network interventions",HIGH,official_report,Areti — Piano di Sviluppo 2025,30/6/2025,https://www.areti.it/content/dam/acea-areti/documenti/area-istituzionale/attivita/piano-di-sviluppo/piano-di-sviluppo-2025/piano_di_sviluppo_2025_areti.pdf,"“migliorando le capacità di analisi, simulazione e di pianificazione interventi di rete”",Areti explicitly describes DANTE as enabling analysis/simulation and planning of grid interventions.,additional sources may exist
Japan,経済産業省（METI）,https://www.meti.go.jp/,PROMOD,production_cost_uc,同時市場（電源起動・出力配分）検討における費用便益分析のシミュレーション,HIGH,official_report,同時市場における費用便益分析の結果について（同時市場検討会 資料）,22/5/2024,https://www.meti.go.jp/shingikai/energy_environment/doji_shijo_kento/pdf/009_05_00.pdf,「使用実績のあるPROMODを用いて、便益分析を進めることとしたい。」,METIの公式審議会資料で、便益分析にPROMODを用いる方針を明記しているため。 (meti.go.jp),additional sources exist
Japan,電力広域的運営推進機関（OCCTO）,https://www.occto.or.jp/,OFGEN,production_cost_uc,マスタープラン／計画策定に関する便益分析（系統混雑を考慮したシミュレーション）,HIGH,official_report,同時市場における費用便益分析の結果について（同時市場検討会 資料）,22/5/2024,https://www.occto.or.jp/rijikai/2024_rijikai_458.html,「マスタープランや計画策定でも使用実績のあるPROMOD」,OCCTOのマスタープラン／計画策定プロセスでPROMODの使用実績があると公式資料が明記しているため。 (meti.go.jp),additional sources exist
Japan,電力広域的運営推進機関（OCCTO）,https://www.occto.or.jp/,PLEXOS,production_cost_uc,同時市場の起動停止・出力配分ロジック検証（SCUCベースモデル）,HIGH,official_report,同時市場における費用便益分析の結果について（同時市場検討会 資料）,22/5/2024,https://www.occto.or.jp/rijikai/2024_rijikai_458.html,「電中研が所有するSCUCツール…をベースモデルとして検証Aを進めている。」,OCCTOが関与する技術検証（検証A）で、CRIEPIのSCUCツールをベースモデルとして使用していると公式資料が示しているため。 (meti.go.jp),additional sources exist
Malaysia,Tenaga Nasional Berhad (TNB),https://www.tnb.com.my/,PLEXOS,production_cost_uc,Production cost / market simulation capability supported via “PLEXOS server” procurement for RSMD,HIGH,tender_procurement,TNB Tender Notice — “PLEXOS SERVER FOR RSMD” (Tender No: RFX 4000047302 T-22298),31/1/2024,https://www.tnb.com.my/assets/tender_price/T-22298_4000047302_TenderNotice.pdf,"“SUPPLY, INSTALL, TESTING, COMMISSIONING AND SUPPORT OF PLEXOS SERVER FOR RSMD”","An official TNB tender explicitly procures a PLEXOS server, evidencing institutional use of the PLEXOS tool environment.",Searched BM/EN; strongest retrievable official evidence is procurement; additional related procurement references may exist
Mexico,Centro Nacional de Control de Energía (CENACE),https://www.cenace.gob.mx/,PLEXOS,production_cost_uc,Arrendamiento de licencias y soporte para modelado/pronóstico de energía y simulaciones (planeación y operación),HIGH,tender_procurement,ARRENDAMIENTO Y SOPORTE TÉCNICO ESPECIALIZADO DE 9 LICENCIAS DEL SOFTWARE PLEXOS®,15/7/2025,https://www.cenace.gob.mx/Docs/Transparencia/ProcLicPub/2025/CORPORATIVO/E-2025-00062073/Archivo%202.pdf,"“El software PLEXOS®, es una herramienta de software para pronóstico y modelado de energía…”",Documento oficial de contratación de CENACE identifica explícitamente PLEXOS y su uso previsto para modelado/simulación.,additional sources exist (cenace.gob.mx)
Mexico,Secretaría de Energía (SENER),https://www.gob.mx/sener,PLEXOS,planning_expansion,Herramienta especializada para simulaciones/análisis del sistema eléctrico para dirigir planeación y elaborar PRODESEN (DGGTEE),HIGH,official_report,Suscripción anual licencia uso software simulación análisis sistemas (POTIC 2022),11/1/2022,https://transparencia.energia.gob.mx/doc/POTIC_2022/9-SuscripcionAnualLicenciaUsoSoftwareSimulacionAnalisisSistemas.pdf,“el licenciamiento… PLEXOS Integrated Energy Model… tuvo una vigencia hasta el 11 de febrero de 2020”,Documento oficial de SENER/energía indica explícitamente licenciamiento de PLEXOS IEM para simulaciones y planeación asociada a PRODESEN.,additional sources exist (transparencia.energia.gob.mx)
Mexico,Secretaría de Energía (SENER),https://www.gob.mx/sener,PLEXOS,planning_expansion,Realización de estudio/escenarios de planeación usando PLEXOS en documento oficial publicado por SENER,HIGH,official_report,Renewable Energies Outlook 2017-2031 (SENER),,https://www.gob.mx/cms/uploads/attachment/file/325631/Renewable_Energies_Outlook_2017-2031.pdf,“The study will be carried out using PLEXOS©”,Documento oficial hospedado en gob.mx declara explícitamente que el estudio se realizará usando PLEXOS.,additional sources may exist (Gobierno de México)
Nigeria,Nigerian Electricity Regulatory Commission (NERC),https://nerc.gov.ng/,MYTO (Multi-Year Tariff Order) tariff model,market_simulation,Tariff/revenue-requirement modelling for regulated electricity prices (MYTO methodology),HIGH,official_methodology,Multi-Year Tariff Order (MYTO) Order (July 2008–June 2013),1/7/2008,https://nerc.gov.ng/wp-content/uploads/2012/03/MYTO%20Order.pdf,"“At the centre… is a multi-year tariff model, which calculates electricity prices…”",NERC’s official MYTO Order explicitly states it uses a multi-year tariff model to calculate electricity prices. (nerc.gov.ng),additional sources exist
Nigeria,Transmission Company of Nigeria (TCN),https://tcn.org.ng/,PSS/E,planning_expansion,Transmission development planning studies (load-flow / N-1 / steady-state assessments),HIGH,official_report,Transmission System Development Plan and Capital Funding Requirements (Annex 1),26/2/2014,https://nerc.gov.ng/wp-content/uploads/2015/02/Annex%201%20-%20Transmission%20System%20Development%20Plan%20and%20Capital%20Funding%20Requirements%2026-02-14.pdf,“prepared a Transmission Development Plan using the PSSE planning software.”,A NERC-hosted official plan document states TCN’s development plan was prepared using PSSE planning software. (nerc.gov.ng),additional sources may exist
Nigeria,Transmission Company of Nigeria (TCN),https://tcn.org.ng/,NEPLAN,planning_expansion,Base network model development (model conversion workflow to PSSE),HIGH,official_report,Transmission System Development Plan and Capital Funding Requirements (Annex 1),26/2/2014,https://nerc.gov.ng/wp-content/uploads/2015/02/Annex%201%20-%20Transmission%20System%20Development%20Plan%20and%20Capital%20Funding%20Requirements%2026-02-14.pdf,“converting TCN’s existing NEPLAN model to PSSE.”,The document explicitly states TCN had an existing NEPLAN model that was converted to PSSE. (nerc.gov.ng),additional sources may exist
Pakistan,نیشنل الیکٹرک پاور ریگولیٹری اتھارٹی (NEPRA),https://nepra.org.pk/,PLEXOS,planning_expansion,"Indicative Generation Capacity Expansion Plan (IGCEP) generation expansion planning (least-cost, long-term)",HIGH,official_report,IGCEP 2024-34 Report,2024-05-,https://nepra.org.pk/Admission%20Notices/2024/05%20May/IGCEP%202024-34%20Report.pdf,“developed using state-of-the-art generation planning software - PLEXOS.”,NEPRA-published IGCEP documentation explicitly states the national plan was developed using PLEXOS.,Searched in Urdu and English; additional sources may exist
Pakistan,نیشنل ٹرانسمیشن اینڈ ڈسپیچ کمپنی لمیٹڈ (NTDC),https://www.ntdc.com.pk/,PLEXOS,planning_expansion,"IGCEP least-cost, long-term generation expansion planning for the NTDC system",HIGH,official_report,IGCEP 2024-34 Report,2024-05-,https://nepra.org.pk/Admission%20Notices/2024/05%20May/IGCEP%202024-34%20Report.pdf,“least cost… generation expansion plan… developed using… PLEXOS.”,The IGCEP report (for the NTDC system) explicitly states the plan was developed using PLEXOS.,Searched in اردو and English; additional sources may exist
Pakistan,نیشنل ٹرانسمیشن اینڈ ڈسپیچ کمپنی لمیٹڈ (NTDC),https://www.ntdc.com.pk/,PSS/E,other,Power-flow modelling/simulation for matched cases (peak/off-peak) used in NTDC T&T losses study work,HIGH,official_report,Decision of the Authority: Revised Transmission Investment Plan NTDCL FY 2022-23 to FY 2024-25,26/9/2024,https://nepra.org.pk/tariff/Tariff/Transmission/NTDC/2024/LAT-01%20REVISED%20TRANSMISSION%20INVESTMENT%20PLAN%20NTDCL%20FY%202022-23%20TO%20FY%202024-25%2026-09-2024%2015077.PDF,“power flow cases… by using PSS/E (preferably version 33 or advanced).”,The NEPRA decision document includes NTDC ToR specifying PSS/E for power-flow modelling/simulation cases.,Searched in Urdu and English; additional sources may exist
Poland,Ministerstwo Klimatu i Środowiska,https://www.gov.pl/web/climate,PLEXOS,planning_expansion,System-level electricity generation mix/cost analysis within the national nuclear power programme,MEDIUM,official_report,Program polskiej energetyki jądrowej,16/10/2020,https://isap.sejm.gov.pl/isap.nsf/download.xsp/WMP20200000946/O/M20200946.pdf,“w systemie PLEXOS od Energy Exemplar… wykorzystywanym… do analiz wystarczalności generacji…”,The official programme document states that analysis was performed in the PLEXOS system. (isap.sejm.gov.pl),additional sources may exist
South Africa,Department of Electricity and Energy (DEE),https://www.gov.za/source-department/department-electricity-and-energy,PLEXOS,planning_expansion,Integrated Resource Plan (IRP) modelling for least-cost capacity expansion / production simulation inputs,HIGH,official_report,Technical Review of South Africa Integrated Resource Plan (IRP),24/7/2025,https://www.dmre.gov.za/Portals/0/Energy%20Resources/IRP/IRP%202025/EPPEI-Report-Technical-Review-of-SA-IRP.pdf,“Phase 1 of the IRP process was undertaken using PLEXOS modelling tool.”,This official IRP technical review explicitly states the IRP process used PLEXOS as the modelling tool.,additional sources may exist
South Africa,National Transmission Company South Africa SOC Ltd (NTCSA),https://www.ntcsa.co.za/,DIgSILENT PowerFactory,other,RMS (root-mean-square) grid-code compliance modelling requirements for renewable/hybrid plant assessments,HIGH,other,Grid Code Management – Model Software Requirements,,https://www.ntcsa.co.za/grid-code-management-2/,“RMS – Digsilent PowerFactory (2023-2025)”,NTCSA explicitly publishes DIgSILENT PowerFactory as the required RMS modelling software.,"Dynamic simulation de-emphasized; included because it is explicit, retrievable NTCSA evidence"
South Africa,National Transmission Company South Africa SOC Ltd (NTCSA),https://www.ntcsa.co.za/,PSCAD V5,other,EMT (electromagnetic transient) studies for grid-code compliance / plant integration requirements,HIGH,other,Grid Code Management – Model Software Requirements,,https://www.ntcsa.co.za/grid-code-management-2/,“EMT – PSCAD V5 … or Digsilent (2023-2025)”,NTCSA explicitly publishes PSCAD V5 as an accepted EMT modelling tool for compliance studies.,"Dynamic simulation de-emphasized; included because it is explicit, retrievable NTCSA evidence"
South Korea,"전력거래소 (Korea Power Exchange, KPX)",https://www.kpx.or.kr/,PLEXOS,market_simulation,“전력시장 시뮬레이터” 운영(라이선스 갱신/유지),HIGH,official_report,Internal procurement/plan list (전력시장 시뮬레이터 라이선스 갱신 항목),,https://new.kpx.or.kr/boardDownload.es?bid=0139&list_no=58874&seq=30450,“전력시장 시뮬레이터(PLEXOS) 라이선스 갱신” (전력거래소),KPX 문서에 PLEXOS를 ‘전력시장 시뮬레이터’로 명시하고 라이선스 갱신을 기록한다.,additional sources may exist
South Korea,"전력거래소 (Korea Power Exchange, KPX)",https://www.kpx.or.kr/,SELF,forecasting,동·하계 전력수요 예측모형 유지보수(수요예측 운영),HIGH,official_report,계통혁신처/수요예측 관련 시행계획 목록 (예측모형 유지보수 항목),16/2/2022,https://www.kpx.or.kr/boardDownload.es?bid=0144&list_no=68911&seq=3,"“동하계 예측모형(SELF,SEFS) 유지보수” (전력거래소)",KPX 공식 문서에 SELF 예측모형 유지보수(운영)를 명시한다.,In-house/unnamed methodology details not specified; strongest evidence is maintenance listing
South Korea,"전력거래소 (Korea Power Exchange, KPX)",https://www.kpx.or.kr/,SEFS,forecasting,동·하계 전력수요 예측모형 유지보수(수요예측 운영),HIGH,official_report,계통혁신처/수요예측 관련 시행계획 목록 (예측모형 유지보수 항목),16/2/2022,https://www.kpx.or.kr/boardDownload.es?bid=0144&list_no=68911&seq=3,"“동하계 예측모형(SELF,SEFS) 유지보수” (전력거래소)",KPX 공식 문서에 SEFS 예측모형 유지보수(운영)를 명시한다.,In-house/unnamed methodology details not specified; strongest evidence is maintenance listing
Spain,Ministerio para la Transición Ecológica y el Reto Demográfico (MITECO),https://www.miteco.gob.es/,TIMES,planning_expansion,National energy system analysis and long-term prospectiva used for PNIEC development,HIGH,official_report,Plan Nacional Integrado de Energía y Clima 2021-2030,20/1/2020,https://www.miteco.gob.es/content/dam/miteco/es/ministerio/planes-estrategias/plan-nacional-integrado-energia-clima/plannacionalintegradodeenergiayclima2021-2030_tcm30-546623.pdf,“En la elaboración del PNIEC se ha utilizado la herramienta TIMES”,The official PNIEC document explicitly states MITECO used the TIMES tool (TIMES-Sinergia) for energy-system analysis.,additional sources exist (miteco.gob.es)
Spain,Red Eléctrica de España (REE),https://www.ree.es/,PLEXOS,production_cost_uc,Security-of-supply / coverage analysis using PLEXOS engine (simulation runs),HIGH,official_report,Análisis nacional de cobertura del Sistema Eléctrico Peninsular (Nov 2023),2023-11-,https://www.ree.es/sites/default/files/14_OPERACION/Documentos/informe_os_nov23.pdf,“Motor PLEXOS… Disponibilidad de la versión más reciente. 9.0 R05. 9.1 R01.”,REE’s official report explicitly references using the PLEXOS engine for its analysis.,additional sources may exist (ree.es)
Thailand,กระทรวงพลังงาน — Ministry of Energy (Thailand),https://www.moe.go.th/,PLEXOS,production_cost_uc,Joint clean-electricity transition analysis using a PLEXOS-based power-system model,MEDIUM,official_report,Thailand’s Clean Electricity Transition (IEA),8/8/2023,https://iea.blob.core.windows.net/assets/dd5b10b2-b655-4c7d-8c09-d3d7efe6bd50/ThailandsCleanElectricityTransition.pdf,“The analysis is based on a PLEXOS model… developed by the IEA in cooperation with EGAT.”,The official report is a joint programme with Thailand’s Ministry of Energy and explicitly bases the analysis on a PLEXOS model. (iea.blob.core.windows.net),Ministry involvement is explicit; model development is stated with EGAT/IEA (tool operation details at Ministry not specified)
Thailand,การไฟฟ้าฝ่ายผลิตแห่งประเทศไทย (EGAT),https://www.egat.co.th/,PLEXOS,production_cost_uc,Clean-electricity transition analysis using a PLEXOS model of the Thai power system,HIGH,official_report,Thailand’s Clean Electricity Transition (IEA),8/8/2023,https://iea.blob.core.windows.net/assets/dd5b10b2-b655-4c7d-8c09-d3d7efe6bd50/ThailandsCleanElectricityTransition.pdf,“PLEXOS model of the Thai power system… developed by the IEA in cooperation with EGAT.”,"The report explicitly states the PLEXOS model was developed in cooperation with EGAT, evidencing EGAT’s use/engagement with the tool for system analysis. (iea.blob.core.windows.net)",additional sources exist
Thailand,สำนักงานนโยบายและแผนพลังงาน (EPPO),https://www.eppo.go.th/,LEAP,planning_expansion,Energy policy / scenario modelling support via procurement of LEAP software license,HIGH,tender_procurement,ประกาศสำนักงานนโยบายและแผนพลังงาน เรื่อง ประกาศผู้ชนะการเสนอราคา ซื้อโปรแกรม LEAP (License Leap),21/9/2021,https://www.eppo.go.th/images/Infromation_service/procurement/2564/09_2564/SLK-KLG-2564-21-09-26.pdf,“จัดซื้อโปรแกรม LEAP (License LEAP)”,EPPO’s official procurement notice explicitly documents purchasing the LEAP software license.,Open-source candidates checked but not evidenced in retrievable EPPO sources used here
United Kingdom,Department for Energy Security and Net Zero (DESNZ),https://www.gov.uk/government/organisations/department-for-energy-security-and-net-zero,TIMES,planning_expansion,Whole-energy-system least-cost optimisation for net-zero pathways,HIGH,official_report,BEIS business critical models: 2022,7/7/2022,https://www.gov.uk/government/publications/beis-business-critical-analytical-models-2022/beis-business-critical-models-2022,“UK TIMES model (UKTM)… long term whole energy system optimisation model”,The department’s official “business critical models” page explicitly names UKTM and describes its use for whole-energy-system optimisation. (GOV.UK),additional sources exist
United Kingdom,National Energy System Operator (NESO),https://www.neso.energy/,PLEXOS,production_cost_uc,Resource adequacy simulation (hour-by-hour supply/demand under weather years),HIGH,official_report,Demand-Side Response Spotlight Study,2024-,https://www.neso.energy/document/320996/download,“We use software called PLEXOS to model resource adequacy.”,NESO explicitly states it uses PLEXOS to model resource adequacy. (National Energy System Operator (NESO)),additional sources exist
United Kingdom,National Energy System Operator (NESO),https://www.neso.energy/,PLEXOS,planning_expansion,Long-term transmission-level generation & storage build-out simulation (beyond 2031),HIGH,official_report,Future Energy Scenarios: Pathways to Net Zero,2024-,https://www.neso.energy/about/innovation/our-innovation-projects/impact-new-technology-hgvs,“we use PLEXOS energy modelling software… to simulate generation and storage build out”,NESO explicitly states it uses PLEXOS to simulate long-term build-out of generation and storage. (National Energy System Operator (NESO)),additional sources exist
United Kingdom,National Grid Electricity Transmission plc (NGET),https://www.nationalgrid.com/electricity-transmission,PLEXOS,market_simulation,Constraint cost modelling (constraints modelling methodology),HIGH,official_methodology,The Statement of the Constraint Cost Target Modelling Methodology,1/4/2017,https://www.nationalgrideso.com/document/102886/download,“This project aims to create the most realistic within day profiles as possible for the future GB electric heavy-goods vehicles (HGVs) fleet.”,This project aims to create the most realistic within day profiles as possible for the future GB electric heavy-goods vehicles (HGVs) fleet.,additional sources may exist
United Kingdom,Office of Gas and Electricity Markets (Ofgem),https://www.ofgem.gov.uk/,PLEXOS,market_simulation,Locational pricing assessment modelling (capacity allocation/dispatch optimisation platform),HIGH,official_report,Locational Pricing Assessment – Frequently Asked Questions,26/8/2022,https://www.ofgem.gov.uk/sites/default/files/2022-08/Ofgem%20locational%20pricing%20project%20FAQ%20240822.pdf,“The capacity allocation is based on the Plexos® Integrated Energy Model platform”,Ofgem’s official FAQ explicitly states the assessment’s capacity allocation is based on the Plexos IEM platform. (Ofgem),additional sources exist
United Kingdom,Scottish Hydro Electric Transmission plc (SSEN Transmission),https://www.ssen-transmission.co.uk/,DIgSILENT PowerFactory,other,Network planning system studies toolchain (migration away from PSSE),HIGH,official_report,Digitalisation Action Plan - June 2024 Update,2024-06-,https://www.ssen-transmission.co.uk/globalassets/digital-strategy--action-plan-updates/digitalisation-action-plan---june-2024.pdf,“project migration from PSSE to Power Factory”,SSEN Transmission explicitly states it is migrating its planning studies toolchain from PSSE to PowerFactory.,dynamic simulation de-emphasized; included because explicitly evidenced
United Kingdom,Scottish Power Transmission Limited (SP Transmission),https://www.spenergynetworks.co.uk/,DIgSILENT PowerFactory,other,Transmission network analysis (power system analysis software used for network studies),HIGH,official_report,Digitalisation Action Plan SP Transmission December 2025,2025-12-,https://www.spenergynetworks.co.uk/userfiles/file/SPT_December_2025_Action_Plan.pdf,“DIgSILENT PowerFactory was used to undertake network analysis”,SP Transmission’s official digitalisation action plan explicitly states PowerFactory was used for transmission network analysis.,additional sources may exist
Vietnam,Tổng công ty Truyền tải điện Quốc gia — National Power Transmission Corporation (EVNNPT),https://www.npt.com.vn/,PSS/E,other,Transmission network calculation and simulation for grid analysis and technical studies.,HIGH,presentation,NPTS tổ chức thành công Khóa đào tạo sử dụng phần mềm PSS/E tính toán mô phỏng hệ thống điện,26/8/2023,https://www.npt.com.vn/d6/vi-VN/news/NPTS-to-chuc-thanh-cong-Khoa-dao-tao-su-dung-phan-mem-PSSE-tinh-toan-mo-phong-he-thong-dien-6-191-8651,"“có thể sử dụng phần mềm PSS/E để tính toán, mô phỏng trên lưới truyền tải.”",Official EVNNPT source explicitly documents use/training of PSS/E for transmission-grid calculation/simulation.,Additional internal technical materials may exist.
Türkiye,T.C. Enerji ve Tabii Kaynaklar Bakanlığı — Ministry of Energy and Natural Resources (ETKB),https://enerji.gov.tr/,WRF (Weather Research and Forecast Model),forecasting,Wind resource modelling inputs for Türkiye Wind Energy Potential Atlas (REPA) using WRF-generated meteorological data.,HIGH,official_report,Republic of Türkiye Ministry of Energy and Natural Resources — Resources (Wind / REPA description),,https://enerji.gov.tr/eigm-resources-en,“meteorological data… produced by… WRF (Weather Research and Forecast Model)”,The Ministry’s official page states REPA calculations use meteorological data produced by the WRF forecast model.,Same page also mentions use of a “flow model” and “GIS software” (additional sources exist).
Germany,Fraunhofer Institute for Systems and Innovation Research (ISI),https://www.isi.fraunhofer.de/,PyPSA-Eur,energy_system_optimization,"Application of a PyPSA-Eur-based approach for European infrastructure analysis within Integrated Infrastructure Planning and 2050 Climate Neutrality studies, jointly with Fraunhofer IEG and d-fine.",HIGH,policy_report,Integrated Infrastructure Planning and 2050 Climate Neutrality: Deriving Future-Proof European Energy Infrastructures,2023,https://www.agora-energiewende.org/publications/integrated-infrastructure-planning-and-2050-climate-neutrality,Fraunhofer ISI applied a PyPSA-Eur-based modelling approach for analysing future-proof European energy infrastructures in collaboration with Fraunhofer IEG and d-fine.,Official institutional report confirms policy-relevant application of PyPSA-Eur for large-scale European infrastructure planning.,Joint project with Fraunhofer IEG and d-fine.
Germany,TransnetBW; ONTRAS; d-fine,https://www.transnetbw.de/,PyPSA-Eur-Sec,energy_system_optimization,"Application of PyPSA-Eur-Sec for analysing grid requirements in 2050 under a 90% CO₂ reduction scenario across electricity, buildings, and transport sectors (Stromnetz 2050; Energy System 2050 studies).",HIGH,policy_report,Stromnetz 2050; Energy System 2050 – Towards a decarbonised Europe,2020,https://www.d-fine.com/fileadmin/user_upload/Wasserstoff_et_0102-2021.pdf,"TransnetBW, ONTRAS and d-fine applied PyPSA-Eur-Sec for modelling long-term decarbonised energy system scenarios and grid requirements to 2050.",Official TSO and consultancy studies confirm applied use of PyPSA-Eur-Sec for sector-coupled infrastructure and grid planning under deep decarbonisation scenarios.,"Cross-sector (electricity, buildings, transport) modelling; includes hydrogen analysis."
European Union,ENTSO-E (European Network of Transmission System Operators for Electricity),https://www.entsoe.eu/,PyPSA,energy_system_optimization,Development of a complementary open-source tool in PyPSA for Scenario Building and Cost-Benefit Analysis within the TYNDP process.,HIGH,official_project,ENTSO-E R&I project on open-source PyPSA tool for TYNDP scenario and CBA analysis,2023,https://www.linkedin.com/posts/entso-e_energytransition-opensource-innovation-activity-7293296246813851649-2ynL/,ENTSO-E launched a research and innovation project to develop a complementary open-source tool in PyPSA for Scenario Building and Cost-Benefit Analysis.,Official ENTSO-E initiative confirms institutional-level adoption of PyPSA within the European TYNDP planning framework.,Direct relevance for EU transmission planning and cross-border infrastructure.
Austria,Austrian Gas Grid Management AG (AGGM),https://www.aggm.at/,PyPSA-DE / PyPSA-Eur,energy_system_optimization,"Development and maintenance of a high-resolution, sector-coupled Austrian energy system model based on PyPSA-DE and PyPSA-Eur for long-term projections to 2050, supporting the Langfristige Integrierte Planung (LFiP).",HIGH,official_report,Langfristige Integrierte Planung (LFiP) modelling framework,2023,https://github.com/AGGM-AG/pypsa-at,AGGM develops and maintains a sector-coupled energy system model based on PyPSA-DE and PyPSA-Eur to support long-term planning and its bi-annual LFiP report.,Official transmission system planning documentation confirms institutional use of PyPSA-based models for statutory long-term infrastructure planning.,Gas TSO planning tool; sector-coupled modelling.
South Africa,Meridian Economics,https://www.meridianeconomics.co.za/,PyPSA-Earth / PyPSA ecosystem tools,energy_system_optimization,"Application of PyPSA-Earth and related PyPSA ecosystem tools for analysing South Africa’s electricity system, including load shedding (2021), resolution pathways (2022), and updated flexibility and coal transition scenarios (2025).",HIGH,policy_report,Load shedding and energy transition studies for South Africa,2022,https://meridianeconomics.co.za/wp-content/uploads/2022/06/Resolving-Load-Shedding-Part-A-2021-analysis-01.pdf,"Meridian Economics applied PyPSA ecosystem tools to analyse load shedding, system flexibility, and coal plant transition scenarios in South Africa.",Published consultancy studies using PyPSA-based modelling confirm applied national-scale energy system analysis with policy relevance.,"Multiple studies (2022, 2025 update); policy-oriented modelling."
Germany,Energynautics GmbH,https://www.energynautics.com/,PyPSA,energy_system_optimization,Application of PyPSA for analysing decentralised electricity and heat integration in power grids in a 2021 study for the Rhineland-Palatinate state government (Pilotprojekt Dezentralisierung).,HIGH,official_report,Pilotprojekt Dezentralisierung: Stärkere Dezentralisierung des bundesdeutschen Strom-Wärme-Systems,2021,https://energynautics.com/en/decentrality-study-for-rhineland-palatinate-completed/,Energynautics used PyPSA in a state-commissioned study to analyse decentral electricity and heat integration in Germany.,State-government commissioned study confirms applied use of PyPSA for infrastructure and sector-coupling analysis with regulatory relevance.,Study for Rhineland-Palatinate state government.
Netherlands,Witteveen+Bos,https://www.witteveenbos.com/,PyPSA,energy_system_optimization,Application of PyPSA in a 2022 scenario study on nuclear energy conducted for the Dutch Ministry of Economic Affairs and Climate Policy.,HIGH,official_report,Scenario study on nuclear energy (Ministry of Economic Affairs and Climate Policy),2022,https://eriskgroup.com/wp-content/uploads/2022/10/Scenario-study-nuclear-energy-Conclusions-and-Summary.pdf,Witteveen+Bos applied PyPSA in a government-commissioned scenario study on nuclear energy in the Netherlands.,Consultancy study conducted for a national ministry confirms applied institutional use of PyPSA for policy-relevant energy system modelling.,Government-commissioned modelling study.
India,Serentica Renewables,https://www.serenticaglobal.com/,PyPSA,energy_system_optimization,Application of PyPSA to design and assess round-the-clock (RTC) renewable power purchase agreements (PPAs) and portfolio optimisation strategies.,MEDIUM,industry_presentation,Round-the-clock PPA modelling presentation (YouTube),2023,https://www.youtube.com/watch?v=Yz-6ZH3oFWA&list=PLz1RcE1NdLlHsbQoUXxJOVQ8IdEv9Ks5Z&index=9,Serentica uses PyPSA to model and evaluate round-the-clock renewable PPAs and hybrid energy supply portfolios.,Public company presentation indicates applied commercial use of PyPSA for structured PPA and dispatch optimisation analysis; absence of peer-reviewed or official report limits evidence strength.,IPP commercial optimisation use case.
Japan,Tokyo Electric Power Services Company (TEPSCO),https://www.tepsco.co.jp/,PyPSA,energy_system_optimization,Application of PyPSA in engineering planning and power system analysis services.,LOW,industry_profile,Corporate profile and professional references (LinkedIn),2023,https://www.linkedin.com/posts/takashi-yanase-850462a0_i-built-and-ran-a-preliminary-model-of-japan-activity-7401253510639648768-F3EB/?utm_source=share&utm_medium=member_desktop&rcm=ACoAAAp_3N8BMuXs2_8w1fGMmfRzJESnpY7vzI4,TEPSCO references PyPSA within its professional engineering and power system analysis activities.,Professional profile evidence indicates industry familiarity and application; absence of formal publication or report lowers evidence classification.,Engineering consultancy application; documentation limited to profile references.
Germany,d-fine GmbH,https://www.d-fine.com/,PyPSA-Eur,energy_system_optimization,"Application of a PyPSA-Eur-based modelling approach for European infrastructure analysis in the study 'Integrated Infrastructure Planning and 2050 Climate Neutrality: Deriving Future-Proof European Energy Infrastructures', jointly with Fraunhofer IEG and Fraunhofer ISI.",HIGH,policy_report,Integrated Infrastructure Planning and 2050 Climate Neutrality: Deriving Future-Proof European Energy Infrastructures,2023,https://www.agora-energiewende.org/publications/integrated-infrastructure-planning-and-2050-climate-neutrality,d-fine applied a PyPSA-Eur-based modelling framework for analysing future-proof European energy infrastructures in collaboration with Fraunhofer institutes.,Official project documentation and joint institutional study confirm applied large-scale infrastructure modelling using PyPSA-Eur.,Joint project with Fraunhofer IEG and Fraunhofer ISI.
International,International Energy Agency (IEA),https://www.iea.org/,PyPSA,energy_system_optimization,Application of PyPSA within the Global Energy and Climate Model to analyse seasonal variability of electricity demand and supply across world regions to 2050.,HIGH,official_report,Managing the Seasonal Variability of Electricity Demand and Supply,2024,https://iea.blob.core.windows.net/assets/9155992e-962c-45f4-97c1-78fd43a94178/GlobalEnergyandClimateModelDocumentation2025.pdf,The IEA used PyPSA within its Global Energy and Climate Model to explore how seasonal variations in demand and supply affect electricity system operations in various regions in 2050.,Official IEA publication confirms institutional use of PyPSA within its flagship global energy modelling framework.,Global multi-regional policy modelling application.
European Union,Agency for the Cooperation of Energy Regulators (ACER),https://www.acer.europa.eu/,PyPSA,energy_system_optimization,Development of a PyPSA-based solution for the EU-wide flexibility assessment platform supporting regulatory analysis.,HIGH,official_project,EU-wide flexibility assessment platform (PyPSA-based solution),2024,https://www.acer.europa.eu/sites/default/files/documents/en/The_agency/Organisation/Expert_Groups/EG_Flexibility/Flexibility_EG_Open_Letter_2025.pdf,ACER is building a PyPSA solution for the EU-wide flexibility assessment platform.,Official regulatory platform development confirms institutional adoption of PyPSA for EU-level flexibility and market assessment.,EU regulatory infrastructure application.
Germany,Deutsche Gesellschaft für Internationale Zusammenarbeit (GIZ),https://www.giz.de/,PyPSA,energy_system_optimization,"Application and support of PyPSA-based studies for renewable integration and power system analysis in Vietnam, Thailand (CASE programme), Indonesia (1000 Islands programme), and Brazil.",HIGH,official_report,International power system integration studies supported by GIZ,2023,https://energynautics.com/en/pypsa/,GIZ supported and published multiple PyPSA-based studies analysing renewable integration and national power system transitions in partner countries.,Official development cooperation studies confirm applied international use of PyPSA in emerging and developing economies.,Multi-country capacity-building and system modelling support.
Canada,Canada Energy Regulator (CER),https://www.cer-rec.gc.ca/,PyPSA,energy_system_optimization,Application of PyPSA within Canada's Energy Future 2023 report for long-term national energy system scenario modelling.,HIGH,official_report,Canada's Energy Future 2023,2023,https://www.cer-rec.gc.ca/en/data-analysis/canada-energy-future/2023/appendix-3/,The Canada Energy Regulator used PyPSA in the modelling framework supporting Canada's Energy Future 2023 report.,Official federal regulatory publication confirms validated national-scale institutional application of PyPSA.,Federal energy regulator long-term planning application.
Germany,Open Energy Transition (OET),https://openenergytransition.org/,PyPSA,energy_system_optimization,"Development, application, commercial support, and training services for PyPSA across multiple energy transition modelling projects.",HIGH,organization_profile,Open Energy Transition project portfolio and PyPSA support activities,2023,https://www.openenergytransition.org/projects-list,"Open Energy Transition uses, develops, and provides commercial support and training for PyPSA across multiple projects.",Organisational mandate and project portfolio confirm core development and applied implementation of PyPSA within energy transition modelling contexts.,Non-profit software company and environmental think tank.
United Kingdom,TransitionZero,https://www.transitionzero.org/,PyPSA,energy_system_optimization,Application of PyPSA for modelling the ASEAN power grid and analysing 24/7 carbon-free energy (CfE) strategies in Asia.,HIGH,policy_report,ASEAN power grid modelling and 24/7 CfE analysis,2023,https://www.transitionzero.org/products/tz-asean-power-grid-model,TransitionZero applies PyPSA to model the ASEAN power grid and evaluate 24/7 carbon-free energy strategies.,Published modelling studies confirm applied institutional use of PyPSA for regional grid and decarbonisation pathway analysis.,Climate tech non-profit modelling application.
United Kingdom,Centre for Net Zero (Octopus Energy),https://www.centrefornetzero.org/,PyPSA,energy_system_optimization,Application of PyPSA to investigate the role of demand flexibility in future UK energy systems.,HIGH,policy_report,Demand flexibility in future UK energy systems,2023,https://github.com/centrefornetzero/pypsa-fes,The Centre for Net Zero used PyPSA to analyse demand flexibility within future UK power system scenarios.,Published analytical report confirms institutional application of PyPSA for UK energy system modelling and flexibility assessment.,Research unit founded by Octopus Energy.
United Kingdom,Ember,https://ember-climate.org/,PyPSA-UK,energy_system_optimization,Application of PyPSA-UK for analysing a UK gas phase-out by 2030 and accelerated power sector decarbonisation scenarios.,HIGH,policy_report,Gas phase-out in the UK by 2030 (PyPSA-UK model),2022,https://github.com/ember-energy/pypsa-uk,Ember published a study using its open PyPSA-UK model to analyse a UK gas phase-out by 2030.,Publicly documented open-model application confirms validated NGO use of PyPSA-based modelling for national decarbonisation analysis.,Open-source national model (PyPSA-UK).
Germany,Agora Energiewende,https://www.agora-energiewende.de/,PyPSA,energy_system_optimization,"Application of PyPSA for energy system integration and renewable optimisation studies, including international analyses such as minimising wind and solar integration costs in Japan.",HIGH,policy_report,Minimizing the cost of integrating wind and solar power in Japan,2020,https://www.agora-energiewende.org/fileadmin/Projekte/2014/integrationskosten-wind-pv/A-EW_198_Minimizing_Integration_costs_in_Japan_WEB.pdf,Agora Energiewende applied PyPSA for analysing system integration costs of wind and solar power in Japan.,Published policy study confirms applied institutional use of PyPSA for international energy system optimisation and integration analysis.,German policy think tank with international modelling applications.
Germany,Climate Analytics,https://climateanalytics.org/,PyPSA,energy_system_optimization,"Application of PyPSA for energy system transition studies, including coal-to-renewables employment analysis in South Korea and national transition modelling for the Philippines.",HIGH,policy_report,Employment opportunities from a coal-to-renewables transition in South Korea,2022,https://ca1-clm.edcdn.com/assets/employment_opportunities_from_a_coal-to-renewables_transition_in_south_korea.pdf?v=1679478110,Climate Analytics applied PyPSA in studies evaluating energy transition pathways and employment impacts in multiple countries.,Published research confirms applied institutional use of PyPSA for policy-relevant national and regional transition modelling.,Multi-country energy transition studies.
Poland,Instrat,https://instrat.pl/,PyPSA-PL,energy_system_optimization,Development of PyPSA-PL and application for analysing Poland’s renewable potential and coal phase-out pathways.,HIGH,policy_report,What's next after coal? RES potential in Poland,2021,https://instrat.pl/wp-content/uploads/2021/06/Instrat-What-next-after-coal-v.1.2.pdf,Instrat developed PyPSA-PL and used it to publish analyses on renewable potential and coal phase-out scenarios in Poland.,Publicly documented national model development and reports confirm institutional adaptation and application of PyPSA for Polish energy policy analysis.,National open model (PyPSA-PL); multiple 2021 reports.
European Union / United States,RAND Europe,https://www.rand.org/randeurope.html,PyPSA,energy_system_optimization,Application of PyPSA in a 2024 report analysing how artificial intelligence applications can improve energy security in Europe.,HIGH,policy_report,The use of AI for improving energy security,2024,https://www.rand.org/pubs/research_reports/RRA2907-2.html,RAND Europe used PyPSA to explore how different AI applications could enhance energy security across European energy systems.,Published 2024 policy research report confirms institutional application of PyPSA for forward-looking energy security modelling.,Transatlantic policy research organisation.
United Kingdom,ClimateXChange,https://www.climatexchange.org.uk/,PyPSA-GB,energy_system_optimization,Commissioned use of PyPSA-GB for analysing electricity system security of supply in Scotland for the Scottish Government.,HIGH,official_report,Electricity system security of supply in Scotland,2023,https://www.climatexchange.org.uk/publications/electricity-system-security-of-supply-in-scotland/,ClimateXChange commissioned a PyPSA-GB-based study to assess Scotland’s electricity system security of supply.,Government-commissioned report confirms applied use of PyPSA-GB for national-level security-of-supply analysis.,Commissioned by the Scottish Government.
Zambia,ZESCO Limited,https://www.zesco.co.zm/,PyPSA,Power system optimisation,Power system planning and expansion analysis for national electricity system,MEDIUM,Project / industry collaboration,ZESCO power system modelling project using PyPSA,,https://github.com/pypsa-meets-earth/pypsa-zm-data,"PyPSA has been applied in real-world planning contexts including utility-scale power system studies.","Demonstrates that PyPSA is used beyond academia, including by utilities like ZESCO for planning and system analysis.","Replace with a more direct project/report link if available (e.g. internal or partner documentation)"
